ID,Actual FTND,Predicted FTND
P01,0,0
P02,6,0
S01,4,0
S02,7,0.162385470729724
S03,4,0
S04,0,0
S05,0,0
S06,0,0
S07,0,0
S08,3,0
S09,1,0.678457315199712
S10,1,0
S11,0,0
S12,7,0.0575270373932864
S13,1,0
S14,4,0
S15,6,0
S16,3,0
S17,0,0
S18,0,0.147411545750104
S19,0,2.91850692324576
S20,6,0
S21,0,0
S22,0,0.0278711635805541
S23,2,0
S24,1,1.79688056302813
S25,0,0
S26,0,0
S27,0,0
S28,0,0
